Workbook

Sheet athlete_energy_expenditure
A1: Athlete_ID | B1: Heart_Rate | C1: Acceleration | D1: Gyroscope | E1: Skin_Temperature | F1: Respiration_Rate | G1: Sensor_Node_Distance | H1: Graph_Temporal_Correlation | I1: Training_Intensity | J1: Session_Duration_Min | K1: Rest_Interval_Sec | L1: Athlete_Level | M1: Region_China | N1: Age | O1: Weight_kg | P1: Outdoor_Temperature | Q1: Weather_Condition | R1: Time_Step | S1: Energy_Expenditure
A2: 8270 | B2: 106.84977 | C2: 2.3076878 | D2: 49.828906 | E2: 32.922374 | F2: 26.113914 | G2: 1.108879 | H2: 0.58425471 | I2: 9.4047292 | J2: 21.857072 | K2: 30.505998 | L2: Beginner | M2: Wuhan | N2: 31 | O2: 55.993531 | P2: 8.3461521 | Q2: Cloudy | R2: 0 | S2: 72.719525
A3: 1860 | B3: 119.44367 | C3: 1.3388398 | D3: 30.747486 | E3: 33.087449 | F3: 17.186745 | G3: 0.51754144 | H3: 0.51400539 | I3: 8.2880968 | J3: 108.86427 | K3: 61.622218 | L3: Intermediate | M3: Tianjin | N3: 25 | O3: 69.832307 | P3: 20.108753 | Q3: Sunny | R3: 1 | S3: 70.286065
A4: 6390 | B4: 112.78848 | C4: 2.1085793 | D4: 76.993001 | E4: 33.087836 | F4: 25.463845 | G4: 1.6629192 | H4: 0.60778825 | I4: 8.5349723 | J4: 42.690077 | K4: 24.617246 | L4: Beginner | M4: Tianjin | N4: 33 | O4: 69.855546 | P4: 16.053388 | Q4: Foggy | R4: 2 | S4: 68.15338
A5: 6191 | B5: 170.04541 | C5: 2.260658 | D5: 38.703945 | E5: 32.819708 | F5: 27.529165 | G5: 1.1751686 | H5: 0.5741764 | I5: 1.8395865 | J5: 112.92807 | K5: 34.888566 | L5: Beginner | M5: Shanghai | N5: 36 | O5: 59.041894 | P5: 20.856407 | Q5: Sunny | R5: 3 | S5: 77.503497
A6: 6734 | B6: 153.71357 | C6: 1.9991554 | D6: 71.906884 | E6: 34.430049 | F6: 26.307183 | G6: 0.43594375 | H6: 0.77251718 | I6: 7.6490023 | J6: 91.743445 | K6: 77.643416 | L6: Elite | M6: Shenzhen | N6: 35 | O6: 57.628664 | P6: 13.378598 | Q6: Overcast | R6: 4 | S6: 92.915228
A7: 7265 | B7: 160.4311 | C7: 1.2841898 | D7: 64.731036 | E7: 32.899538 | F7: 23.256583 | G7: 1.5790828 | H7: 0.55927049 | I7: 9.6392502 | J7: 96.265349 | K7: 39.531863 | L7: Elite | M7: Tianjin | N7: 23 | O7: 61.836514 | P7: 12.7246 | Q7: Overcast | R7: 5 | S7: 92.796405
A8: 1466 | B8: 149.43344 | C8: 1.701865 | D8: 83.582856 | E8: 31.656545 | F8: 20.843495 | G8: 1.8783992 | H8: 0.71745986 | I8: 7.1069261 | J8: 40.14615 | K8: 51.604512 | L8: Intermediate | M8: Shenzhen | N8: 31 | O8: 62.979516 | P8: 19.845715 | Q8: Sunny | R8: 6 | S8: 85.369698
A9: 5426 | B9: 112.41896 | C9: 1.4879022 | D9: 63.95909 | E9: 32.527764 | F9: 19.117902 | G9: 1.9051524 | H9: 0.43624069 | I9: 6.1350526 | J9: 43.419443 | K9: 85.585525 | L9: Elite | M9: Nanjing | N9: 20 | O9: 55.762124 | P9: 21.818164 | Q9: Rainy | R9: 7 | S9: 66.050238
A10: 6578 | B10: 124.50959 | C10: 1.0481491 | D10: 63.411044 | E10: 33.214434 | F10: 29.355173 | G10: 0.86423192 | H10: 0.50520904 | I10: 9.5106671 | J10: 72.126775 | K10: 32.036182 | L10: Elite | M10: Chongqing | N10: 33 | O10: 58.99887 | P10: 13.168527 | Q10: Foggy | R10: 8 | S10: 81.812797
A11: 9322 | B11: 144.78749 | C11: 1.6621796 | D11: 84.637414 | E11: 34.475058 | F11: 18.502524 | G11: 0.44393037 | H11: 0.6240729 | I11: 4.9864341 | J11: 37.209985 | K11: 44.221951 | L11: Beginner | M11: Guangzhou | N11: 18 | O11: 68.607241 | P11: 28.553657 | Q11: Sunny | R11: 9 | S11: 82.030286
A12: 2685 | B12: 110.55744 | C12: 0.9104801 | D12: 76.701161 | E12: 33.723714 | F12: 16.81467 | G12: 1.1331193 | H12: 0.91532209 | I12: 6.3936421 | J12: 50.543169 | K12: 60.484333 | L12: Advanced | M12: Guangzhou | N12: 29 | O12: 83.916987 | P12: 28.498795 | Q12: Rainy | R12: 10 | S12: 69.330325
A13: 1769 | B13: 149.25997 | C13: 2.0938397 | D13: 76.323119 | E13: 31.979358 | F13: 25.326845 | G13: 0.40269661 | H13: 0.60748859 | I13: 5.2870446 | J13: 52.146248 | K13: 71.65042 | L13: Beginner | M13: Tianjin | N13: 31 | O13: 76.061184 | P13: 5.3413902 | Q13: Sunny | R13: 11 | S13: 77.631434
... A1001: 4335 | B1001: 116.5518 | C1001: 1.2305791 | D1001: 86.403164 | E1001: 31.733871 | F1001: 36.121653 | G1001: 0.91098249 | H1001: 0.40860381 | I1001: 3.7110317 | J1001: 35.345683 | K1001: 32.504659 | L1001: Intermediate | M1001: Guangzhou | N1001: 31 | O1001: 69.783839 | P1001: 15.121439 | Q1001: Foggy | R1001: 999 | S1001: 63.839693

Sheet HR_Long
A1: Subject ID | B1: HeartRate | C1: Temperature | D1: ReadingNo | E1: Subject_ID_New | F1: AthleteName_FromAthletes | G1: SpO2 | H1: RiskScore | I1: AlertFlag | J1: AlertMetric | K1: AlertValue
A2: 1004 | B2: 128.59305 | C2: 32.378769 | D2: 0 | E2: =VLOOKUP(A2, Athletes_Map!A:B, 2, FALSE) -> 1 | F2: =VLOOKUP(A2, Athletes_Map!A:C, 3, FALSE) -> Player 001 | G2: 93 | H2: =IF(OR(B2>150, C2>37.5, G2<92), 3, IF(OR(B2>120, C2>37, G2<94), 2, 1)) -> 2 | I2: =IF(H2=3, "Alert", "Normal") -> Normal | J2: =IF(B2>150,"Heart Rate", IF(C2>37.5,"Temperature", IF(G2<92,"Oxygen","Normal"))) -> Normal | K2: =IF(J2="Heart Rate",B2,IF(J2="Temperature",C2,IF(J2="Oxygen",G2,"")))
A3: 1005 | B3: 132.23088 | C3: 34.426316 | D3: 1 | E3: =VLOOKUP(A3, Athletes_Map!A:B, 2, FALSE) -> 2 | F3: =VLOOKUP(A3, Athletes_Map!A:C, 3, FALSE) -> Player 002 | G3: 94 | H3: =IF(OR(B3>150, C3>37.5, G3<92), 3, IF(OR(B3>120, C3>37, G3<94), 2, 1)) -> 2 | I3: =IF(H3=3, "Alert", "Normal") -> Normal | J3: =IF(B3>150,"Heart Rate", IF(C3>37.5,"Temperature", IF(G3<92,"Oxygen","Normal"))) -> Normal | K3: =IF(J3="Heart Rate",B3,IF(J3="Temperature",C3,IF(J3="Oxygen",G3,"")))
A4: 1009 | B4: 120.2894 | C4: 31.654508 | D4: 2 | E4: =VLOOKUP(A4, Athletes_Map!A:B, 2, FALSE) -> 3 | F4: =VLOOKUP(A4, Athletes_Map!A:C, 3, FALSE) -> Player 003 | G4: 96 | H4: =IF(OR(B4>150, C4>37.5, G4<92), 3, IF(OR(B4>120, C4>37, G4<94), 2, 1)) -> 2 | I4: =IF(H4=3, "Alert", "Normal") -> Normal | J4: =IF(B4>150,"Heart Rate", IF(C4>37.5,"Temperature", IF(G4<92,"Oxygen","Normal"))) -> Normal | K4: =IF(J4="Heart Rate",B4,IF(J4="Temperature",C4,IF(J4="Oxygen",G4,"")))
A5: 1009 | B5: 153.65182 | C5: 31.086293 | D5: 3 | E5: =VLOOKUP(A5, Athletes_Map!A:B, 2, FALSE) -> 3 | F5: =VLOOKUP(A5, Athletes_Map!A:C, 3, FALSE) -> Player 003 | G5: 93 | H5: =IF(OR(B5>150, C5>37.5, G5<92), 3, IF(OR(B5>120, C5>37, G5<94), 2, 1)) -> 3 | I5: =IF(H5=3, "Alert", "Normal") -> Alert | J5: =IF(B5>150,"Heart Rate", IF(C5>37.5,"Temperature", IF(G5<92,"Oxygen","Normal"))) -> Heart Rate | K5: =IF(J5="Heart Rate",B5,IF(J5="Temperature",C5,IF(J5="Oxygen",G5,""))) -> 153.65182
A6: 1055 | B6: 159.00828 | C6: 34.296067 | D6: 4 | E6: =VLOOKUP(A6, Athletes_Map!A:B, 2, FALSE) -> 4 | F6: =VLOOKUP(A6, Athletes_Map!A:C, 3, FALSE) -> Player 004 | G6: 90 | H6: =IF(OR(B6>150, C6>37.5, G6<92), 3, IF(OR(B6>120, C6>37, G6<94), 2, 1)) -> 3 | I6: =IF(H6=3, "Alert", "Normal") -> Alert | J6: =IF(B6>150,"Heart Rate", IF(C6>37.5,"Temperature", IF(G6<92,"Oxygen","Normal"))) -> Heart Rate | K6: =IF(J6="Heart Rate",B6,IF(J6="Temperature",C6,IF(J6="Oxygen",G6,""))) -> 159.00828
A7: 1064 | B7: 115.48253 | C7: 34.503411 | D7: 5 | E7: =VLOOKUP(A7, Athletes_Map!A:B, 2, FALSE) -> 5 | F7: =VLOOKUP(A7, Athletes_Map!A:C, 3, FALSE) -> Player 005 | G7: 96 | H7: =IF(OR(B7>150, C7>37.5, G7<92), 3, IF(OR(B7>120, C7>37, G7<94), 2, 1)) -> 1 | I7: =IF(H7=3, "Alert", "Normal") -> Normal | J7: =IF(B7>150,"Heart Rate", IF(C7>37.5,"Temperature", IF(G7<92,"Oxygen","Normal"))) -> Normal | K7: =IF(J7="Heart Rate",B7,IF(J7="Temperature",C7,IF(J7="Oxygen",G7,"")))
A8: 1077 | B8: 172.08185 | C8: 31.922604 | D8: 6 | E8: =VLOOKUP(A8, Athletes_Map!A:B, 2, FALSE) -> 6 | F8: =VLOOKUP(A8, Athletes_Map!A:C, 3, FALSE) -> Player 006 | G8: 90 | H8: =IF(OR(B8>150, C8>37.5, G8<92), 3, IF(OR(B8>120, C8>37, G8<94), 2, 1)) -> 3 | I8: =IF(H8=3, "Alert", "Normal") -> Alert | J8: =IF(B8>150,"Heart Rate", IF(C8>37.5,"Temperature", IF(G8<92,"Oxygen","Normal"))) -> Heart Rate | K8: =IF(J8="Heart Rate",B8,IF(J8="Temperature",C8,IF(J8="Oxygen",G8,""))) -> 172.08185
A9: 1094 | B9: 140.87116 | C9: 33.970703 | D9: 7 | E9: =VLOOKUP(A9, Athletes_Map!A:B, 2, FALSE) -> 7 | F9: =VLOOKUP(A9, Athletes_Map!A:C, 3, FALSE) -> Player 007 | G9: 93 | H9: =IF(OR(B9>150, C9>37.5, G9<92), 3, IF(OR(B9>120, C9>37, G9<94), 2, 1)) -> 2 | I9: =IF(H9=3, "Alert", "Normal") -> Normal | J9: =IF(B9>150,"Heart Rate", IF(C9>37.5,"Temperature", IF(G9<92,"Oxygen","Normal"))) -> Normal | K9: =IF(J9="Heart Rate",B9,IF(J9="Temperature",C9,IF(J9="Oxygen",G9,"")))
A10: 1098 | B10: 178.26509 | C10: 32.115876 | D10: 8 | E10: =VLOOKUP(A10, Athletes_Map!A:B, 2, FALSE) -> 8 | F10: =VLOOKUP(A10, Athletes_Map!A:C, 3, FALSE) -> Player 008 | G10: 93 | H10: =IF(OR(B10>150, C10>37.5, G10<92), 3, IF(OR(B10>120, C10>37, G10<94), 2, 1)) -> 3 | I10: =IF(H10=3, "Alert", "Normal") -> Alert | J10: =IF(B10>150,"Heart Rate", IF(C10>37.5,"Temperature", IF(G10<92,"Oxygen","Normal"))) -> Heart Rate | K10: =IF(J10="Heart Rate",B10,IF(J10="Temperature",C10,IF(J10="Oxygen",G10,""))) -> 178.26509
A11: 1117 | B11: 168.39809 | C11: 34.020095 | D11: 9 | E11: =VLOOKUP(A11, Athletes_Map!A:B, 2, FALSE) -> 9 | F11: =VLOOKUP(A11, Athletes_Map!A:C, 3, FALSE) -> Player 009 | G11: 91 | H11: =IF(OR(B11>150, C11>37.5, G11<92), 3, IF(OR(B11>120, C11>37, G11<94), 2, 1)) -> 3 | I11: =IF(H11=3, "Alert", "Normal") -> Alert | J11: =IF(B11>150,"Heart Rate", IF(C11>37.5,"Temperature", IF(G11<92,"Oxygen","Normal"))) -> Heart Rate | K11: =IF(J11="Heart Rate",B11,IF(J11="Temperature",C11,IF(J11="Oxygen",G11,""))) -> 168.39809
A12: 1125 | B12: 130.57493 | C12: 33.122982 | D12: 10 | E12: =VLOOKUP(A12, Athletes_Map!A:B, 2, FALSE) -> 10 | F12: =VLOOKUP(A12, Athletes_Map!A:C, 3, FALSE) -> Player 010 | G12: 94 | H12: =IF(OR(B12>150, C12>37.5, G12<92), 3, IF(OR(B12>120, C12>37, G12<94), 2, 1)) -> 2 | I12: =IF(H12=3, "Alert", "Normal") -> Normal | J12: =IF(B12>150,"Heart Rate", IF(C12>37.5,"Temperature", IF(G12<92,"Oxygen","Normal"))) -> Normal | K12: =IF(J12="Heart Rate",B12,IF(J12="Temperature",C12,IF(J12="Oxygen",G12,"")))
A13: 1126 | B13: 143.7312 | C13: 33.654944 | D13: 11 | E13: =VLOOKUP(A13, Athletes_Map!A:B, 2, FALSE) -> 11 | F13: =VLOOKUP(A13, Athletes_Map!A:C, 3, FALSE) -> Player 011 | G13: 90 | H13: =IF(OR(B13>150, C13>37.5, G13<92), 3, IF(OR(B13>120, C13>37, G13<94), 2, 1)) -> 3 | I13: =IF(H13=3, "Alert", "Normal") -> Alert | J13: =IF(B13>150,"Heart Rate", IF(C13>37.5,"Temperature", IF(G13<92,"Oxygen","Normal"))) -> Oxygen | K13: =IF(J13="Heart Rate",B13,IF(J13="Temperature",C13,IF(J13="Oxygen",G13,""))) -> 90
... A1001: 9996 | B1001: 123.75066 | C1001: 32.402915 | D1001: 999 | E1001: =VLOOKUP(A1001, Athletes_Map!A:B, 2, FALSE) -> 947 | F1001: =VLOOKUP(A1001, Athletes_Map!A:C, 3, FALSE) -> Player 947 | G1001: 93 | H1001: =IF(OR(B1001>150, C1001>37.5, G1001<92), 3, IF(OR(B1001>120, C1001>37, G1001<94), 2, 1)) -> 2 | I1001: =IF(H1001=3, "Alert", "Normal") -> Normal | J1001: =IF(B1001>150,"Heart Rate", IF(C1001>37.5,"Temperature", IF(G1001<92,"Oxygen","Normal"))) -> Normal | K1001: =IF(J1001="Heart Rate",B1001,IF(J1001="Temperature",C1001,IF(J1001="Oxygen",G1001,"")))

Sheet Athletes_Map
A1: Old_Subject_ID | B1: Subject_ID_New | C1: AthleteName
A2: 1004 | B2: 1 | C2: ="Player "&TEXT(B2,"000") -> Player 001
A3: 1005 | B3: 2 | C3: ="Player "&TEXT(B3,"000") -> Player 002
A4: 1009 | B4: 3 | C4: ="Player "&TEXT(B4,"000") -> Player 003
A5: 1055 | B5: 4 | C5: ="Player "&TEXT(B5,"000") -> Player 004
A6: 1064 | B6: 5 | C6: ="Player "&TEXT(B6,"000") -> Player 005
A7: 1077 | B7: 6 | C7: ="Player "&TEXT(B7,"000") -> Player 006
A8: 1094 | B8: 7 | C8: ="Player "&TEXT(B8,"000") -> Player 007
A9: 1098 | B9: 8 | C9: ="Player "&TEXT(B9,"000") -> Player 008
A10: 1117 | B10: 9 | C10: ="Player "&TEXT(B10,"000") -> Player 009
A11: 1125 | B11: 10 | C11: ="Player "&TEXT(B11,"000") -> Player 010
A12: 1126 | B12: 11 | C12: ="Player "&TEXT(B12,"000") -> Player 011
A13: 1133 | B13: 12 | C13: ="Player "&TEXT(B13,"000") -> Player 012
... A948: 9996 | B948: 947 | C948: ="Player "&TEXT(B948,"000") -> Player 947

Sheet Session
A1: Old_Subject_ID | B1: Subject_ID_New | C1: AthleteName | D1: Session_Duration_Min
A2: 1004 | B2: 1 | C2: ="Player "&TEXT(B2,"000") -> Player 001 | D2: 21.857072
A3: 1005 | B3: 2 | C3: ="Player "&TEXT(B3,"000") -> Player 002 | D3: 108.86427
A4: 1009 | B4: 3 | C4: ="Player "&TEXT(B4,"000") -> Player 003 | D4: 42.690077
A5: 1055 | B5: 4 | C5: ="Player "&TEXT(B5,"000") -> Player 004 | D5: 112.92807
A6: 1064 | B6: 5 | C6: ="Player "&TEXT(B6,"000") -> Player 005 | D6: 91.743445
A7: 1077 | B7: 6 | C7: ="Player "&TEXT(B7,"000") -> Player 006 | D7: 96.265349
A8: 1094 | B8: 7 | C8: ="Player "&TEXT(B8,"000") -> Player 007 | D8: 40.14615
A9: 1098 | B9: 8 | C9: ="Player "&TEXT(B9,"000") -> Player 008 | D9: 43.419443
A10: 1117 | B10: 9 | C10: ="Player "&TEXT(B10,"000") -> Player 009 | D10: 72.126775
A11: 1125 | B11: 10 | C11: ="Player "&TEXT(B11,"000") -> Player 010 | D11: 37.209985
A12: 1126 | B12: 11 | C12: ="Player "&TEXT(B12,"000") -> Player 011 | D12: 50.543169
A13: 1133 | B13: 12 | C13: ="Player "&TEXT(B13,"000") -> Player 012 | D13: 52.146248
... A948: 9996 | B948: 947 | C948: ="Player "&TEXT(B948,"000") -> Player 947 | D948: 88.817444
D949: 118.59743
D950: 96.701253
D951: 114.19744
D952: 41.618857
D953: 97.148487
D954: 22.021752
D955: 87.076002
D956: 66.928228
D957: 54.676007
D958: 106.24044
D959: 105.42677
D960: 22.23017
... D1001: 35.345683
